"2ad69384-fed3-4d26-9e97-a67e33c6c768","rwqerqw","rqwrqw","rqwrqw","rqwrqw"
"2ad69384-fed3-4d26-9e97-a67e33c6c768","rwqerqw","rqwrqw","rqwrqw","rqwrqw"
"46180764-7248-4a96-833e-40fe4c2eff62","tetwe","twetwe","twertwe","twetwe"
"2ad69384-fed3-4d26-9e97-a67e33c6c768","rwqerqw","rqwrqw","rqwrqw","rqwrqw"
"2ad69384-fed3-4d26-9e97-a67e33c6c768","rwqerqw","rqwrqw","rqwrqw","rqwrqw"
"46180764-7248-4a96-833e-40fe4c2eff62","tetwe","twetwe","twertwe","twetwe"
"b23e4ee3-4238-4465-a613-79247bff8114","farqw","rqwerqw","rqwrqwr","wrqwrqwr"
"2ad69384-fed3-4d26-9e97-a67e33c6c768","rwqerqw","rqwrqw","rqwrqw","rqwrqw"
"2ad69384-fed3-4d26-9e97-a67e33c6c768","rwqerqw","rqwrqw","rqwrqw","rqwrqw"
"46180764-7248-4a96-833e-40fe4c2eff62","tetwe","twetwe","twertwe","twetwe"
"b23e4ee3-4238-4465-a613-79247bff8114","farqw","rqwerqw","rqwrqwr","wrqwrqwr"
"2ad69384-fed3-4d26-9e97-a67e33c6c768","rwqerqw","rqwrqw","rqwrqw","rqwrqw"
"2ad69384-fed3-4d26-9e97-a67e33c6c768","rwqerqw","rqwrqw","rqwrqw","rqwrqw"
"46180764-7248-4a96-833e-40fe4c2eff62","tetwe","twetwe","twertwe","twetwe"
"2ad69384-fed3-4d26-9e97-a67e33c6c768","rwqerqw","rqwrqw","rqwrqw","rqwrqw"
"2ad69384-fed3-4d26-9e97-a67e33c6c768","rwqerqw","rqwrqw","rqwrqw","rqwrqw"
"46180764-7248-4a96-833e-40fe4c2eff62","tetwe","twetwe","twertwe","twetwe"
"b23e4ee3-4238-4465-a613-79247bff8114","farqw","rqwerqw","rqwrqwr","wrqwrqwr"
"30673062-fad7-4862-8f99-0e5230d13773","tertewrt","tewrtwet","twertwe","twertwe"
